domain,source_name,coverage_and_granularity,joinability,status,key_limitation,recommended_action,official_or_primary_url
supply_demand,Massachusetts 2018 public TNC workbook,"2018 annual; municipality-level counts and average trip length/duration",No quote-time key; Boston is one annual row,NOT_JOINABLE,"No date, hour, route, service, active drivers, or requests","Use only as market context; do not join to modeling rows",https://tnc.sites.digital.mass.gov/2018/data/TNC_Dataset_2018_for_download.xlsx
supply_demand,Massachusetts confidential trip-level TNC records,"Trip-level; nearest-minute time and origin/destination coordinates are collected",Would support time-space demand proxies,RESTRICTED,"Access requires a confidential data-sharing agreement; records are not public","Pursue institutional agreement only if project scope permits",https://www.mass.gov/info-details/mass-general-laws-c159a-12-ss-12
traffic,MassDOT traffic count portal / MS2,"Geolocated point counts; some hourly/daily historical observations",Approximate nearest-station join only,PROXY_ONLY,"Sparse point sensors do not directly measure the named origin-destination route or current travel time","Pilot only after station coverage audit for the 17 observed dates",https://www.mass.gov/traffic-volume-and-classification-in-massachusetts
traffic,Uber Movement Boston travel times,"Boston zone-to-zone historical travel time including 2018; coarse time-of-day/aggregated selections",Approximate neighborhood-to-zone mapping is possible,PROXY_ONLY,"Official current download was not confirmed; Q4 2018 Boston OD matrix is highly sparse and not a 5-minute traffic-state feed","Use only if the original Q4 2018 files are recovered and coverage passes a row-level audit",https://www.uber.com/us/en/newsroom/movement-street-speeds/
traffic,RITIS NPMRDS,"5-minute probe speeds/travel times on major roads; history back to 2010",Strong temporal resolution; road-to-route mapping required,RESTRICTED,"Eligibility/sponsorship and INRIX data-sharing agreement are required","Best traffic candidate if access can be obtained",https://www.ritis.org/access
traffic_events,RM3P historical API,"Historical traffic incidents, road weather, detector and probe data",Potentially time-space joinable,RESTRICTED,"Login and approved access required","Request access only if RITIS/NPMRDS route is pursued",https://rm3p.ritis.org/data/sets/
events,Boston special one-day alcohol licenses,"2013-2025 records with issue date and address",Address is spatially usable but issue date is not event date,NOT_JOINABLE,"Covers only licensed alcohol events and lacks verified event start/end time","Do not use issue date as an event timestamp",https://opendataboston.com/special-one-day-alcohol-licenses
events,Official Bruins and Celtics historical schedules,"Exact game date/time and home venue for 2018-19",Joinable by local time and TD Garden proximity,ADDABLE_NOW,"Only covers two professional teams; attendance and other Boston events are absent","May add as a narrow exploratory event flag; label coverage as partial",https://www.nhl.com/bruins/news/nhl-announces-boston-bruins-2018-19-schedule-299170192
events,Ticketmaster Discovery API,"Event date/time and venue for catalogued events; API-key access",Historical 2018 completeness is not guaranteed,NOT_JOINABLE,"The current catalog/API documentation does not establish a complete retrospective 2018 Boston archive","Do not treat current API results as a historical event census",https://developer.ticketmaster.com/products-and-docs/apis/discovery-manual/v2/
